time,speed
s,km/h
0,0
1,0
2,0
3,0
4,0
5,0
6,0
7,0
8,0
9,0
10,0
11,0
12,0.2
13,1.7
14,5.4
15,9.9
16,13.1
17,16.9
18,21.7
19,26
20,27.5
21,28.1
22,28.3
23,28.8
24,29.1
25,30.8
26,31.9
27,34.1
28,36.6
29,39.1
30,41.3
31,42.5
32,43.3
33,43.9
34,44.4
35,44.5
36,44.2
37,42.7
38,39.9
39,37
40,34.6
41,32.3
42,29
43,25.1
44,22.2
45,20.9
46,20.4
47,19.5
48,18.4
49,17.8
50,17.8
51,17.4
52,15.7
53,13.1
54,12.1
55,12
56,12
57,12
58,12.3
59,12.6
60,14.7
61,15.3
62,15.9
63,16.2
64,17.1
65,17.8
66,18.1
67,18.4
68,20.3
69,23.2
70,26.5
71,29.8
72,32.6
73,34.4
74,35.5
75,36.4
76,37.4
77,38.5
78,39.3
79,39.5
80,39
81,38.5
82,37.3
83,37
84,36.7
85,35.9
86,35.3
87,34.6
88,34.2
89,31.9
90,27.3
91,22
92,17
93,14.2
94,12
95,9.1
96,5.8
97,3.6
98,2.2
99,0
100,0
101,0
102,0
103,0
104,0
105,0
106,0
107,0
108,0
109,0
110,0
111,0
112,0
113,0
114,0
115,0
116,0
117,0
118,0
119,0
120,0
121,0
122,0
123,0
124,0
125,0
126,0
127,0
128,0
129,0
130,0
131,0
132,0
133,0
134,0
135,0
136,0
137,0
138,0.2
139,1.9
140,6.1
141,11.7
142,16.4
143,18.9
144,19.9
145,20.8
146,22.8
147,25.4
148,27.7
149,29.2
150,29.8
151,29.4
152,27.2
153,22.6
154,17.3
155,13.3
156,12
157,12.6
158,14.1
159,17.2
160,20.1
161,23.4
162,25.5
163,27.6
164,29.5
165,31.1
166,32.1
167,33.2
168,35.2
169,37.2
170,38
171,37.4
172,35.1
173,31
174,27.1
175,25.3
176,25.1
177,25.9
178,27.8
179,29.2
180,29.6
181,29.5
182,29.2
183,28.3
184,26.1
185,23.6
186,21
187,18.9
188,17.1
189,15.7
190,14.5
191,13.7
192,12.9
193,12.5
194,12.2
195,12
196,12
197,12
198,12
199,12.5
200,13
201,14
202,15
203,16.5
204,19
205,21.2
206,23.8
207,26.9
208,29.6
209,32
210,35.2
211,37.5
212,39.2
213,40.5
214,41.6
215,43.1
216,45
217,47.1
218,49
219,50.6
220,51.8
221,52.7
222,53.1
223,53.5
224,53.8
225,54.2
226,54.8
227,55.3
228,55.8
229,56.2
230,56.5
231,56.5
232,56.2
233,54.9
234,52.9
235,51
236,49.8
237,49.2
238,48.4
239,46.9
240,44.3
241,41.5
242,39.5
243,37
244,34.6
245,32.3
246,29
247,25.1
248,22.2
249,20.9
250,20.4
251,19.5
252,18.4
253,17.8
254,17.8
255,17.4
256,15.7
257,14.5
258,15.4
259,17.9
260,20.6
261,23.2
262,25.7
263,28.7
264,32.5
265,36.1
266,39
267,40.8
268,42.9
269,44.4
270,45.9
271,46
272,45.6
273,45.3
274,43.7
275,40.8
276,38
277,34.4
278,30.9
279,25.5
280,21.4
281,20.2
282,22.9
283,26.6
284,30.2
285,34.1
286,37.4
287,40.7
288,44
289,47.3
290,49.2
291,49.8
292,49.2
293,48.1
294,47.3
295,46.8
296,46.7
297,46.8
298,47.1
299,47.3
300,47.3
301,47.1
302,46.6
303,45.8
304,44.8
305,43.3
306,41.8
307,40.8
308,40.3
309,40.1
310,39.7
311,39.2
312,38.5
313,37.4
314,36
315,34.4
316,33
317,31.7
318,30
319,28
320,26.1
321,25.6
322,24.9
323,24.9
324,24.3
325,23.9
326,23.9
327,23.6
328,23.3
329,20.5
330,17.5
331,16.9
332,16.7
333,15.9
334,15.6
335,15
336,14.5
337,14.3
338,14.5
339,15.4
340,17.8
341,21.1
342,24.1
343,25
344,25.3
345,25.5
346,26.4
347,26.6
348,27.1
349,27.7
350,28.1
351,28.2
352,28.1
353,28
354,27.9
355,27.9
356,28.1
357,28.2
358,28
359,26.9
360,25
361,23.2
362,21.9
363,21.1
364,20.7
365,20.7
366,20.8
367,21.2
368,22.1
369,23.5
370,24.3
371,24.5
372,23.8
373,21.3
374,17.7
375,14.4
376,11.9
377,10.2
378,8.9
379,8
380,7.2
381,6.1
382,4.9
383,3.7
384,2.3
385,0.9
386,0
387,0
388,0
389,0
390,0
391,0
392,0.5
393,2.1
394,4.8
395,8.3
396,12.3
397,16.6
398,20.9
399,24.2
400,25.6
401,25.6
402,24.9
403,23.3
404,21.6
405,20.2
406,18.7
407,17
408,15.3
409,14.2
410,13.9
411,14
412,14.2
413,14.5
414,14.9
415,15.9
416,17.4
417,18.7
418,19.1
419,18.8
420,17.6
421,16.6
422,16.2
423,16.4
424,17.2
425,19.1
426,22.6
427,27.4
428,31.6
429,33.4
430,33.5
431,32.8
432,31.9
433,31.3
434,31.1
435,30.6
436,29.2
437,26.7
438,23
439,18.2
440,12.9
441,7.7
442,3.8
443,1.3
444,0.2
445,0
446,0
447,0
448,0
449,0
450,0
451,0
452,0
453,0
454,0
455,0
456,0
457,0
458,0
459,0
460,0
461,0
462,0
463,0
464,0
465,0
466,0
467,0
468,0
469,0
470,0
471,0
472,0
473,0
474,0
475,0
476,0
477,0
478,0
479,0
480,0
481,0
482,0
483,0
484,0
485,0
486,0
487,0
488,0
489,0
490,0
491,0
492,0
493,0
494,0
495,0
496,0
497,0
498,0
499,0
500,0
501,0
502,0
503,0
504,0
505,0
506,0
507,0
508,0
509,0
510,0
511,0
512,0.5
513,2.5
514,6.6
515,11.8
516,16.8
517,20.5
518,21.9
519,21.9
520,21.3
521,20.3
522,19.2
523,17.8
524,15.5
525,11.9
526,7.6
527,4
528,2
529,1
530,0
531,0
532,0
533,0.2
534,1.2
535,3.2
536,5.2
537,8.2
538,13
539,18.8
540,23.1
541,24.5
542,24.5
543,24.3
544,23.6
545,22.3
546,20.1
547,18.5
548,17.2
549,16.3
550,15.4
551,14.7
552,14.3
553,13.7
554,13.3
555,13.1
556,13.1
557,13.3
558,13.8
559,14.5
560,16.5
561,17
562,17
563,17
564,15.4
565,10.1
566,4.8
567,0
568,0
569,0
570,0
571,0
572,0
573,0
574,0
575,0
576,0
577,0
578,0
579,0
580,0
581,0
582,0
583,0
584,0
585,0
586,0
587,0
588,0
589,0
1,0
2,0
3,0
4,0
5,0
6,0
7,0
8,0
9,0
10,0
11,0
12,1
13,2.1
14,4.8
15,9.1
16,14.2
17,19.8
18,25.5
19,30.5
20,34.8
21,38.8
22,42.9
23,46.4
24,48.3
25,48.7
26,48.5
27,48.4
28,48.2
29,47.8
30,47
31,45.9
32,44.9
33,44.4
34,44.3
35,44.5
36,45.1
37,45.7
38,46
39,46
40,46
41,46.1
42,46.7
43,47.7
44,48.9
45,50.3
46,51.6
47,52.6
48,53
49,53
50,52.9
51,52.7
52,52.6
53,53.1
54,54.3
55,55.2
56,55.5
57,55.9
58,56.3
59,56.7
60,56.9
61,56.8
62,56
63,54.2
64,52.1
65,50.1
66,47.2
67,43.2
68,39.2
69,36.5
70,34.3
71,31
72,26
73,20.7
74,15.4
75,13.1
76,12
77,12.5
78,14
79,19
80,23.2
81,28
82,32
83,34
84,36
85,38
86,40
87,40.3
88,40.5
89,39
90,35.7
91,31.8
92,27.1
93,22.8
94,21.1
95,18.9
96,18.9
97,21.3
98,23.9
99,25.9
100,28.4
101,30.3
102,30.9
103,31.1
104,31.8
105,32.7
106,33.2
107,32.4
108,28.3
109,25.8
110,23.1
111,21.8
112,21.2
113,21
114,21
115,20.9
116,19.9
117,17.9
118,15.1
119,12.8
120,12
121,13.2
122,17.1
123,21.1
124,21.8
125,21.2
126,18.5
127,13.9
128,12
129,12
130,13
131,16
132,18.5
133,20.6
134,22.5
135,24
136,26.6
137,29.9
138,34.8
139,37.8
140,40.2
141,41.6
142,41.9
143,42
144,42.2
145,42.4
146,42.7
147,43.1
148,43.7
149,44
150,44.1
151,45.3
152,46.4
153,47.2
154,47.3
155,47.4
156,47.4
157,47.5
158,47.9
159,48.6
160,49.4
161,49.8
162,49.8
163,49.7
164,49.3
165,48.5
166,47.6
167,46.3
168,43.7
169,39.3
170,34.1
171,29
172,23.7
173,18.4
174,14.3
175,12
176,12.8
177,16
178,19.1
179,22.4
180,25.6
181,30.1
182,35.3
183,39.9
184,44.5
185,47.5
186,50.9
187,54.1
188,56.3
189,58.1
190,59.8
191,61.1
192,62.1
193,62.8
194,63.3
195,63.6
196,64
197,64.7
198,65.2
199,65.3
200,65.3
201,65.4
202,65.7
203,66
204,65.6
205,63.5
206,59.7
207,54.6
208,49.3
209,44.9
210,42.3
211,41.4
212,41.3
213,42.1
214,44.7
215,48.4
216,51.4
217,52.7
218,53
219,52.5
220,51.3
221,49.7
222,47.4
223,43.7
224,39.7
225,35.5
226,31.1
227,26.3
228,21.9
229,18
230,17
231,18
232,21.4
233,24.8
234,27.9
235,30.8
236,33
237,35.1
238,37.1
239,38.9
240,41.4
241,44
242,46.3
243,47.7
244,48.2
245,48.7
246,49.3
247,49.8
248,50.2
249,50.9
250,51.8
251,52.5
252,53.3
253,54.5
254,55.7
255,56.5
256,56.8
257,57
258,57.2
259,57.7
260,58.7
261,60.1
262,61.1
263,61.7
264,62.3
265,62.9
266,63.3
267,63.4
268,63.5
269,64.5
270,65.8
271,66.8
272,67.4
273,68.8
274,71.1
275,72.3
276,72.8
277,73.4
278,74.6
279,76
280,76.6
281,76.5
282,76.2
283,75.8
284,75.4
285,74.8
286,73.9
287,72.7
288,71.3
289,70.4
290,70
291,70
292,69
293,68
294,68
295,68
296,68.1
297,68.4
298,68.6
299,68.7
300,68.5
301,68.1
302,67.3
303,66.2
304,64.8
305,63.6
306,62.6
307,62.1
308,61.9
309,61.9
310,61.8
311,61.5
312,60.9
313,59.7
314,54.6
315,49.3
316,44.9
317,42.3
318,41.4
319,41.3
320,42.1
321,44.7
322,48.4
323,51.4
324,52.7
325,54
326,57
327,58.1
328,59.2
329,59
330,59.1
331,59.5
332,60.5
333,62.3
334,63.9
335,65.1
336,64.1
337,62.7
338,62
339,61.3
340,60.9
341,60.5
342,60.2
343,59.8
344,59.4
345,58.6
346,57.5
347,56.6
348,56
349,55.5
350,55
351,54.4
352,54.1
353,54
354,53.9
355,53.9
356,54
357,54.2
358,55
359,55.8
360,56.2
361,56.1
362,55.1
363,52.7
364,48.4
365,43.1
366,37.8
367,32.5
368,27.2
369,25.1
370,26
371,29.3
372,34.6
373,40.4
374,45.3
375,49
376,51.1
377,52.1
378,52.2
379,52.1
380,51.7
381,50.9
382,49.2
383,45.9
384,40.6
385,35.3
386,30
387,24.7
388,19.3
389,16
390,13.2
391,10.7
392,8.8
393,7.2
394,5.5
395,3.2
396,1.1
397,0
398,0
399,0
400,0
401,0
402,0
403,0
404,0
405,0
406,0
407,0
408,0
409,0
410,0
411,0
412,0
413,0
414,0
415,0
416,0
417,0
418,0
419,0
420,0
421,0
422,0
423,0
424,0
425,0
426,0
427,0
428,0
429,0
430,0
431,0
432,0
433,0
1,0
2,0
3,0
4,0
5,0.8
6,3.6
7,8.6
8,14.6
9,20
10,24.4
11,28.2
12,31.7
13,35
14,37.6
15,39.7
16,41.5
17,43.6
18,46
19,48.4
20,50.5
21,51.9
22,52.6
23,52.8
24,52.9
25,53.1
26,53.3
27,53.1
28,52.3
29,50.7
30,48.8
31,46.5
32,43.8
33,40.3
34,36
35,30.7
36,25.4
37,21
38,16.7
39,13.4
40,12
41,12.1
42,12.8
43,15.6
44,19.9
45,23.4
46,24.6
47,25.2
48,26.4
49,28.8
50,31.8
51,35.3
52,39.5
53,44.5
54,49.3
55,53.3
56,56.4
57,58.9
58,61.2
59,62.6
60,63
61,62.5
62,60.9
63,59.3
64,58.6
65,58.6
66,58.7
67,58.8
68,58.8
69,58.8
70,59.1
71,60.1
72,61.7
73,63
74,63.7
75,63.9
76,63.5
77,62.3
78,60.3
79,58.9
80,58.4
81,58.8
82,60.2
83,62.3
84,63.9
85,64.5
86,64.4
87,63.5
88,62
89,61.2
90,61.3
91,62.6
92,65.3
93,68
94,69.4
95,69.7
96,69.3
97,68.1
98,66.9
99,66.2
100,65.7
101,64.9
102,63.2
103,60.3
104,55.8
105,50.5
106,45.2
107,40.1
108,36.2
109,32.9
110,29.8
111,26.6
112,23
113,19.4
114,16.3
115,14.6
116,14.2
117,14.3
118,14.6
119,15.1
120,16.4
121,19.1
122,22.5
123,24.4
124,24.8
125,22.7
126,17.4
127,13.8
128,12
129,12
130,12
131,13.9
132,18.8
133,25.1
134,29.8
135,33.8
136,38.2
137,43.4
138,48.9
139,53.8
140,57.8
141,61.5
142,65
143,68.4
144,71.6
145,73
146,74.3
147,76.2
148,77.9
149,79.5
150,81
151,82.3
152,83.5
153,84.6
154,85.5
155,86.3
156,87.1
157,88.1
158,89.1
159,90.1
160,91
161,91.7
162,92.3
163,92.8
164,93.1
165,93.1
166,93.1
167,93.1
168,93.1
169,93.1
170,93.1
171,93.1
172,93.1
173,93.1
174,93.2
175,93.2
176,93.3
177,93.7
178,94.2
179,95
180,95.8
181,96.4
182,96.8
183,97
184,97.1
185,97.2
186,97.3
187,97.4
188,97.4
189,97.4
190,97.4
191,97.3
192,97.3
193,97.3
194,97.3
195,97.2
196,97.1
197,97
198,96.9
199,96.7
200,96.4
201,96.1
202,95.7
203,95.5
204,95.3
205,95.2
206,95
207,94.9
208,94.7
209,94.5
210,94.4
211,94.4
212,94.3
213,94.3
214,94.1
215,93.9
216,93.4
217,92.8
218,92
219,91.3
220,90.6
221,90
222,89.3
223,88.7
224,88.1
225,87.4
226,86.7
227,86
228,85.3
229,84.7
230,84.1
231,83.5
232,82.9
233,82.3
234,81.7
235,81.1
236,80.5
237,79.9
238,79.4
239,79
240,78.7
241,78.7
242,78.8
243,79.1
244,79.4
245,79.6
246,79.8
247,79.8
248,79.6
249,79.3
250,78.9
251,78.5
252,78.2
253,77.9
254,77.7
255,77.7
256,77.8
257,77.9
258,78.1
259,78.3
260,78.3
261,78.4
262,78.4
263,78.4
264,78.2
265,78
266,77.7
267,77.3
268,76.9
269,76.6
270,76.2
271,75.7
272,75.2
273,74.7
274,74.4
275,74.3
276,74.4
277,74.6
278,74.9
279,75.1
280,75.3
281,75.5
282,75.8
283,75.9
284,76
285,76
286,76
287,75.9
288,75.9
289,75.8
290,75.7
291,75.5
292,75.2
293,75
294,74.7
295,74.1
296,73.7
297,73.3
298,73.5
299,74
300,74.9
301,76.1
302,77.7
303,79.2
304,80.3
305,80.8
306,81
307,81
308,81
309,81
310,81
311,80.9
312,80.6
313,80.3
314,80
315,79.9
316,79.8
317,79.8
318,79.8
319,79.9
320,80
321,80.4
322,80.8
323,81.2
324,81.5
325,81.6
326,81.6
327,81.4
328,80.7
329,79.6
330,78.2
331,76.8
332,75.3
333,73.8
334,72.1
335,70.2
336,68.2
337,66.1
338,63.8
339,61.6
340,60.2
341,59.8
342,60.4
343,61.8
344,62.6
345,62.7
346,61.9
347,60
348,58.4
349,57.8
350,57.8
351,57.8
352,57.3
353,56.2
354,54.3
355,50.8
356,45.5
357,40.2
358,34.9
359,29.6
360,27.3
361,29.3
362,32.9
363,35.6
364,36.7
365,37.6
366,39.4
367,42.5
368,46.5
369,50.2
370,52.8
371,54.3
372,54.9
373,54.9
374,54.7
375,54.1
376,53.2
377,52.1
378,50.7
379,49.1
380,47.4
381,45.2
382,41.8
383,36.5
384,31.2
385,27.6
386,26.9
387,27.3
388,27.5
389,27.4
390,27.1
391,26.7
392,26.8
393,28.2
394,31.1
395,34.8
396,38.4
397,40.9
398,41.7
399,40.9
400,38.3
401,35.3
402,34.3
403,34.6
404,36.3
405,39.5
406,41.8
407,42.5
408,41.9
409,40.1
410,36.6
411,31.3
412,26
413,20.6
414,19.1
415,19.7
416,21.1
417,22
418,22.1
419,21.4
420,19.6
421,18.3
422,18
423,18.3
424,18.5
425,17.9
426,15
427,9.9
428,4.6
429,1.2
430,0
431,0
432,0
433,0
434,0
435,0
436,0
437,0
438,0
439,0
440,0
441,0
442,0
443,0
444,0
445,0
446,0
447,0
448,0
449,0
450,0
451,0
452,0
453,0
454,0
455,0
1,0
2,2.2
3,4.4
4,6.3
5,7.9
6,9.2
7,10.4
8,11.5
9,12.9
10,14.7
11,17
12,19.8
13,23.1
14,26.7
15,30.5
16,34.1
17,37.5
18,40.6
19,43.3
20,45.7
21,47.7
22,49.3
23,50.5
24,51.3
25,52.1
26,52.7
27,53.4
28,54
29,54.5
30,55
31,55.6
32,56.3
33,57.2
34,58.5
35,60.2
36,62.3
37,64.7
38,67.1
39,69.2
40,70.7
41,71.9
42,72.7
43,73.4
44,73.8
45,74.1
46,74
47,73.6
48,72.5
49,70.8
50,68.6
51,66.2
52,64
53,62.2
54,60.9
55,60.2
56,60
57,60.4
58,61.4
59,63.2
60,65.6
61,68.4
62,71.6
63,74.9
64,78.4
65,81.8
66,84.9
67,87.4
68,89
69,90
70,90.6
71,91
72,91.5
73,92
74,92.7
75,93.4
76,94.2
77,94.9
78,95.7
79,96.6
80,97.7
81,98.9
82,100.4
83,102
84,103.6
85,105.2
86,106.8
87,108.5
88,110.2
89,111.9
90,113.7
91,115.3
92,116.8
93,118.2
94,119.5
95,120.7
96,121.8
97,122.6
98,123.2
99,123.6
100,123.7
101,123.6
102,123.3
103,123
104,122.5
105,122.1
106,121.5
107,120.8
108,120
109,119.1
110,118.1
111,117.1
112,116.2
113,115.5
114,114.9
115,114.5
116,114.1
117,113.9
118,113.7
119,113.3
120,112.9
121,112.2
122,111.4
123,110.5
124,109.5
125,108.5
126,107.7
127,107.1
128,106.6
129,106.4
130,106.2
131,106.2
132,106.2
133,106.4
134,106.5
135,106.8
136,107.2
137,107.8
138,108.5
139,109.4
140,110.5
141,111.7
142,113
143,114.1
144,115.1
145,115.9
146,116.5
147,116.7
148,116.6
149,116.2
150,115.2
151,113.8
152,112
153,110.1
154,108.3
155,107
156,106.1
157,105.8
158,105.7
159,105.7
160,105.6
161,105.3
162,104.9
163,104.4
164,104
165,103.8
166,103.9
167,104.4
168,105.1
169,106.1
170,107.2
171,108.5
172,109.9
173,111.3
174,112.7
175,113.9
176,115
177,116
178,116.8
179,117.6
180,118.4
181,119.2
182,120
183,120.8
184,121.6
185,122.3
186,123.1
187,123.8
188,124.4
189,125
190,125.4
191,125.8
192,126.1
193,126.4
194,126.6
195,126.7
196,126.8
197,126.9
198,126.9
199,126.9
200,126.8
201,126.6
202,126.3
203,126
204,125.7
205,125.6
206,125.6
207,125.8
208,126.2
209,126.6
210,127
211,127.4
212,127.6
213,127.8
214,127.9
215,128
216,128.1
217,128.2
218,128.3
219,128.4
220,128.5
221,128.6
222,128.6
223,128.5
224,128.3
225,128.1
226,127.9
227,127.6
228,127.4
229,127.2
230,127
231,126.9
232,126.8
233,126.7
234,126.8
235,126.9
236,127.1
237,127.4
238,127.7
239,128.1
240,128.5
241,129
242,129.5
243,130.1
244,130.6
245,131
246,131.2
247,131.3
248,131.2
249,130.7
250,129.8
251,128.4
252,126.5
253,124.1
254,121.6
255,119
256,116.5
257,114.1
258,111.8
259,109.5
260,107.1
261,104.8
262,102.5
263,100.4
264,98.6
265,97.2
266,95.9
267,94.8
268,93.8
269,92.8
270,91.8
271,91
272,90.2
273,89.6
274,89.1
275,88.6
276,88.1
277,87.6
278,87.1
279,86.6
280,86.1
281,85.5
282,85
283,84.4
284,83.8
285,83.2
286,82.6
287,82
288,81.3
289,80.4
290,79.1
291,77.4
292,75.1
293,72.3
294,69.1
295,65.9
296,62.7
297,59.7
298,57
299,54.6
300,52.2
301,49.7
302,46.8
303,43.5
304,39.9
305,36.4
306,33.2
307,30.5
308,28.3
309,26.3
310,24.4
311,22.5
312,20.5
313,18.2
314,15.5
315,12.3
316,8.7
317,5.2
318,0
319,0
320,0
321,0
322,0
323,0
