temperature_c,OFF_range_km,PTC_range_km,R1234yf_range_km,Propane_range_km
-25.0,255.04548873301525,137.5360475112468,137.5360475112468,171.85499892581834
-23.979591836734695,255.04548873301525,138.98813996504063,138.98813996504063,174.68103088835124
-22.959183673469386,255.04548873301525,140.47122170766693,140.47122170766693,177.44248857677434
-21.93877551020408,255.04548873301525,141.98629545820538,141.98629545820538,180.1415602545729
-20.918367346938776,255.04548873301525,143.5344076673269,143.5344076673269,182.78033641644998
-19.89795918367347,255.04548873301525,145.11665092765662,145.11665092765662,185.36081518823926
-18.877551020408163,255.04548873301525,146.7341665453374,146.7341665453374,187.88490737283433
-17.857142857142858,255.04548873301525,148.3881472855123,148.3881472855123,190.35444116891387
-16.836734693877553,255.04548873301525,150.0798403056059,150.0798403056059,192.77116658695195
-15.816326530612244,255.04548873301525,151.81055029156371,151.81055029156371,195.13675958492988
-14.795918367346939,255.04548873301525,153.58164281362446,153.58164281362446,197.45282594428946
-13.775510204081632,255.04548873301525,155.3945479197659,155.3945479197659,199.72090490496436
-12.755102040816325,255.04548873301525,157.2507639866957,157.2507639866957,201.94247257678174
-11.73469387755102,255.04548873301525,159.15186185018464,159.15186185018464,204.118945143122
-10.714285714285714,255.04548873301525,161.09948923867043,161.09948923867043,206.25168187144783
-9.693877551020408,255.04548873301525,163.09537553643267,202.43431437426233,208.3419879441498
-8.673469387755102,255.04548873301525,165.1413369052802,205.06359810308183,210.39111712209854
-7.653061224489797,255.04548873301525,167.23928179663167,207.60921876856344,212.4002742523235
-6.632653061224488,255.04548873301525,169.39121688915327,210.07510703682482,214.37061763035942
-5.612244897959183,255.04548873301525,171.5992534907836,212.4649511427134,216.30326122699128
-4.591836734693878,255.04548873301525,173.86561444807882,214.7822152964987,218.1992767883938
-3.5714285714285694,255.04548873301525,176.1926416104085,217.0301564386069,220.059695817985
-2.5510204081632644,255.04548873301525,178.5828039016896,219.21183951281833,221.88551144769244
-1.5306122448979593,255.04548873301525,181.03870605814456,221.33015140854607,223.67768020576716
-0.5102040816326507,255.04548873301525,183.56309809709126,223.38781370556725,225.43712368775525
0.5102040816326543,255.04548873301525,186.15888558912874,225.38739433951642,227.16473013676162
1.5306122448979593,255.04548873301525,188.829140814386,227.33131829328093,228.86135593869787
2.5510204081632644,255.04548873301525,191.57711489289184,229.22187740789198,230.5278270378042
3.571428571428573,255.04548873301525,194.40625098976415,231.06123939636657,232.16494027736007
4.591836734693878,255.04548873301525,197.32019870799195,232.85145613503656,233.7734646701566
5.612244897959183,255.04548873301525,200.32282979531075,234.5944712990403,235.35414260298663
6.632653061224492,255.04548873301525,203.41825530731214,236.29212740171135,236.90769097911576
7.653061224489797,255.04548873301525,206.61084438677173,237.94617229146152,238.43480230242835
8.673469387755105,255.04548873301525,209.90524483959135,239.55826515431582,239.9361457066933
9.693877551020407,255.04548873301525,213.30640571113102,241.1299820654361,241.4123679331631
10.714285714285715,255.04548873301525,216.81960209356052,242.6628211286778,242.8640942595073
11.734693877551024,255.04548873301525,220.45046242575276,244.15820723941167,244.29192938288318
12.755102040816325,255.04548873301525,224.20499858287803,245.6174965024388,245.69645825976397
13.775510204081634,255.04548873301525,228.08963909404363,247.04198033379132,247.07824690497506
14.795918367346943,255.04548873301525,232.11126587405022,248.4328892724964,248.43784315223095
15.816326530612244,255.04548873301525,236.27725491077197,249.79139652595126,249.77577737832024
16.836734693877553,255.04548873301525,240.5955214142164,251.11862127037907,251.0925631929493
17.85714285714286,255.04548873301525,245.07457000869167,252.41563172587976,252.38869809613013
18.877551020408163,255.04548873301525,249.72355063774359,253.68344802383396,253.66466410487945
19.89795918367347,255.04548873301525,254.55232095511516,254.92304488283614,254.9209283508882
20.91836734693878,255.04548873301525,255.04548873301525,255.04548873301525,255.04548873301525
21.93877551020408,255.04548873301525,255.04548873301525,255.04548873301525,255.04548873301525
22.95918367346939,255.04548873301525,255.04548873301525,255.04548873301525,255.04548873301525
23.9795918367347,255.04548873301525,255.04548873301525,255.04548873301525,255.04548873301525
25.0,255.04548873301525,255.04548873301525,255.04548873301525,255.04548873301525
