temperature_c,Propane_cop,R1234yf_cop
-25,2.0286217125849246,1.9284785383270822
-24,2.051074202454354,1.9512985489004233
-23,2.0740850971640414,1.9747061292530335
-22,2.0976735350797253,1.9987213233819823
-21,2.121859549888697,2.0233650994693586
-20,2.146664123504244,2.0486594500100344
-19,2.1721092427640216,2.0746274075968443
-18,2.1982179602444463,2.101293131359083
-17,2.2250144595422277,2.1286819716397725
-16,2.2525241254130113,2.1568205442566266
-15,2.2807736191922863,2.185736800667726
-14,2.3097909599694018,2.215460162562673
-13,2.3396056120331608,2.2460215080781603
-12,2.3702485791616645,2.2774534154611055
-11,2.4017525063897964,2.309790129405776
-10,2.4341517899553957,2.3430677804757973
-9,2.4674826962013836,2.3773244648210863
-8,2.5017834902968272,2.412600390196272
-7,2.537094575735968,2.448938024189507
-6,2.5734586456831017,2.486382244804004
-5,2.6109208473536674,2.5249805668291674
-4,2.6495289607607075,2.5647832175374456
-3,2.6893335933127602,2.605843504054302
-2,2.7303883919280274,2.6482178735213795
-1,2.77275027453209,2.6919662843517047
0,2.8164796830375645,2.7371524035382446
1,2.861640860168012,2.7838439900783096
2,2.9083021527896014,2.832113065483182
3,2.956536344759992,2.882036422626483
4,3.006421022700606,2.933695917288082
5,3.058038978554843,2.9871790277918384
6,3.1114786533224756,3.042579102374162
7,3.1668346269683614,3.0999961113804657
8,3.2242081602102615,3.1595371141407522
9,3.283707794709985,3.221316925421853
10,3.34545001914692,3.28545883032436
11,3.409560009768112,3.352095379737248
12,3.4761724553147917,3.4213692771419253
13,3.5454324777575397,3.4934343692441288
14,3.617496662078402,3.5684567548967414
15,3.6925342104701917,3.6466160291270495
16,3.7707282388500407,3.7281066818699578
17,3.852277236588595,3.8131396743258383
18,3.937396713938636,3.9019442198282914
19,4.026321065938453,3.9947698008582586
20,4.119305686716044,4.091888459561547
21,4.21662937434004,4.193597406036908
22,4.31859707388807,4.300221997042607
23,4.4255430155585405,4.412119147981311
24,4.537834315830755,4.529681253516014
25,4.655875123394924,4.653340707527878
