temperature_c,OFF_range_km,PTC_range_km,R1234yf_range_km,Propane_range_km,propane_vs_r1234yf_percent
-25,255.04548873301525,137.5360475112468,137.5360475112468,171.85499892581834,24.952695700932615
-20,255.04548873301525,144.9568585710781,144.9568585710781,185.10533557328654,27.69684539108721
-15,255.04548873301525,153.22412602275978,153.22412602275978,196.99349998993685,28.565588920817596
-10,255.04548873301525,162.4914361339873,201.62859529952777,207.71927577483098,3.020742403256471
-5,255.04548873301525,172.95192402083939,213.86380632663054,217.44519903269793,1.6746137495549762
0,255.04548873301525,184.85187943838272,224.39470943759724,226.3048522875738,0.8512423732110141
5,255.04548873301525,198.51038447401038,233.55422101509484,234.40903671299117,0.3660031037679534
10,255.04548873301525,214.34835189197722,241.59384975064964,241.85042999652208,0.10620313643632251
15,255.04548873301525,232.93266948119765,248.70714628644427,248.70714628644427,0.0
